"Product Name","OrgPrice","Price","Rating"
"Canon EOS 3000D DSLR Camera 1 Camera Body, 18 - 55 mm Lens",33995,27999,"4.4"
"Canon EOS M50 Mark II Mirrorless Camera EF-M15-45mm is STM Lens",60995,55490,"4.4"
"Canon EOS R10 Mirrorless Camera Body with RF-S 18 - 150 mm f/3.5 - 6.3 IS STM Lens Kit",117,115,"4.9"
"Canon EOS 90D DSLR Camera Body with Single Lens 18 - 135 mm IS USM",136,121,"4.5"
"Canon EOS 200D II DSLR Camera EF-S18-55mm IS STM",61995,54990,"4.5"
"Canon EOS R10 Mirrorless Camera Body with RF-S 18 - 45 mm f/4.5 - 6.3 IS STM Lens",41995,90995,"4.9"
"Canon EOS M200 Mirrorless Camera Body with Single Lens (EF-M15-45mm f/3.5-6.3 IS STM)",87995,43995,"4.5"
"Canon EOS 1500D DSLR Camera Body+ 18-55 mm IS II Lens",74295,35990,"4.5"
"Canon EOS R10 Mirrorless Camera Body Only",105,80995,"4.9"
"Canon RP Mirrorless Camera Body Only",215,83999,"4.2"
"Canon EOS M50 Mark II Vlogger Kit Mirrorless Camera EF-M 15-45mm Lens",339,69999,"4.4"
"Canon EOS 90D DSLR Camera Body Only",124,95273,"4.5"
"Canon Full Frame Mirrorless EOS R6 Mirrorless Camera Body",313,203,"5"
"Canon Full Frame Mirrorless EOS R5 Mirrorless Camera Body",196,319,"4.1"
"Canon EOS 7D Mark II DSLR Camera (Body only)",41695,99999,"3.8"
"Canon EOS 5D Mark IV DSLR Camera Body with Single Lens:EF 24-105mm f/4L IS II USM Lens",111,289,"4.5"
"Canon EOS 6D Mark II DSLR Camera Body with Single Lens: EF24-105mm f/4L IS II USM",15495,172,"4"
"Canon PowerShot SX430 IS",18995,18995,"4.5"
"Canon EOS 1300D DSLR Camera Body with Dual Lens: EF-S 18-55 mm IS II + EF-S 55-250 mm F4 5.6 IS II (16...",37540,37540,"4.5"
"Canon EOS 80D DSLR Camera Body with 18-135 mm Lens",92999,92999,"4"
"Canon IXUS 285 HS",12863,12863,"4.1"